Common name;Species for tree;Groupe/clade;Ordre;Family;Achat - obtention des graines;Reference;Génotype/ Lot;Poids;nombre de graines;PMG;;;;;;;;;;;;;;;;;;;;;;;;;;;;;;;;;;;;;;;;;;;;;;;;;;;;;;;;;;;;;;;;;;;;;;;;;;;;;;;;;;;;;; 
Balsamine de Balfour;Impatiens balfourii;Asterids;Ericales;Balsaminaceae;Silene;;-;0.000;0.00;0.000;;;;;;;;;;;;;;;;;;;;;;;;;;;;;;;;;;;;;;;;;;;;;;;;;;;;;;;;;;;;;;;;;;;;;;;;;;;;;;;;;;;;;;
Saxifrage 2 ;Saxifraga ;Superosids;Saxifragales;Saxifragaceae;INRAe;Bruno Chauvel (Dijon)?;;0.000;0.00;0.000;;;;;;;;;;;;;;;;;;;;;;;;;;;;;;;;;;;;;;;;;;;;;;;;;;;;;;;;;;;;;;;;;;;;;;;;;;;;;;;;;;;;;;
Ceratocéphale;Ceratocephala falcata;Eudicots;Ranunculales;Ranunculaceae;INRAe;Bruno Chauvel (Dijon);21-02081;5.000;;0.000;;;;;;;;;;;;;;;;;;;;;;;;;;;;;;;;;;;;;;;;;;;;;;;;;;;;;;;;;;;;;;;;;;;;;;;;;;;;;;;;;;;;;;
Mouron rouge;Anagallis arvensis;Asterids;Ericales;Primulaceae;INRAe;Bruno Chauvel (Dijon);ANGAR_1699;5.000;;0.000;;;;;;;;;;;;;;;;;;;;;;;;;;;;;;;;;;;;;;;;;;;;;;;;;;;;;;;;;;;;;;;;;;;;;;;;;;;;;;;;;;;;;;
Raiponce cultivée;Campanula rapunculus;Campanulids;Asterales;Campanulaceae;Graines Baumaux;7320;;5.000;;0.000;;;;;;;;;;;;;;;;;;;;;;;;;;;;;;;;;;;;;;;;;;;;;;;;;;;;;;;;;;;;;;;;;;;;;;;;;;;;;;;;;;;;;;
Renouée;Fallopia convolvulus;Superasterids (archaiques);Caryophyllales;Polygonaceae;INRAe;Bruno Chauvel (Dijon);POLCO_1264;5.000;;0.000;;;;;;;;;;;;;;;;;;;;;;;;;;;;;;;;;;;;;;;;;;;;;;;;;;;;;;;;;;;;;;;;;;;;;;;;;;;;;;;;;;;;;;
Tobacco;Nicotiana benthamiana;Lamids;Solanales;Solanaceae;INRAe;Laurent Ogé;S0_23_BENT_0060ND;5.000;;0.000;;;;;;;;;;;;;;;;;;;;;;;;;;;;;;;;;;;;;;;;;;;;;;;;;;;;;;;;;;;;;;;;;;;;;;;;;;;;;;;;;;;;;;
Lobelie annuelle;Lobelia erinus;Campanulids;Asterales;Campanulaceae;Graines Baumaux;2860;Crystal Palace;5.000;150000.00;0.033;;;;;;;;;;;;;;;;;;;;;;;;;;;;;;;;;;;;;;;;;;;;;;;;;;;;;;;;;;;;;;;;;;;;;;;;;;;;;;;;;;;;;;
Armoise;Artemisia annua;Campanulids;Asterales;Asteraceae;Biau germe; FAR011;21FL1A;25.000;100000.00;0.050;;;;;;;;;;;;;;;;;;;;;;;;;;;;;;;;;;;;;;;;;;;;;;;;;;;;;;;;;;;;;;;;;;;;;;;;;;;;;;;;;;;;;;
Saxifrage 1;Saxifraga granulata;Superosids;Saxifragales;Saxifragaceae;Semences du Puy;;109793;5.000;80000;0.062;;;;;;;;;;;;;;;;;;;;;;;;;;;;;;;;;;;;;;;;;;;;;;;;;;;;;;;;;;;;;;;;;;;;;;;;;;;;;;;;;;;;;;
Menthe verte ;Mentha spicata;Lamids;Lamiales;Lamiaceae;La Ferme de Sainte Marthe;2070A;21-11053;5.000;60000;0.083;;;;;;;;;;;;;;;;;;;;;;;;;;;;;;;;;;;;;;;;;;;;;;;;;;;;;;;;;;;;;;;;;;;;;;;;;;;;;;;;;;;;;;
Coquelicot;Papaver rhoeas;Eudicots;Ranunculales;Papaveraceae;INRAe;Bruno Chauvel (Dijon);PAPRH_1780;5.000;4000000.00;0.100;;;;;;;;;;;;;;;;;;;;;;;;;;;;;;;;;;;;;;;;;;;;;;;;;;;;;;;;;;;;;;;;;;;;;;;;;;;;;;;;;;;;;;
Marjolaine annuelle;Origanum majorana;Lamids;Lamiales;Lamiaceae;Graines Baumaux;9141;;5.000;41666.67;0.120;;;;;;;;;;;;;;;;;;;;;;;;;;;;;;;;;;;;;;;;;;;;;;;;;;;;;;;;;;;;;;;;;;;;;;;;;;;;;;;;;;;;;;
Muflier;Anthirrhinum majus;Lamids;Lamiales;Boraginaceae;Graines Baumaux;2939P;Rembrandt;5.000;35000.00;0.143;;;;;;;;;;;;;;;;;;;;;;;;;;;;;;;;;;;;;;;;;;;;;;;;;;;;;;;;;;;;;;;;;;;;;;;;;;;;;;;;;;;;;;
Oeillet;Dianthus deltoides;Superasterids (archaiques);Caryophyllales;Caryophyllaceae;Semences du Puy;;111182;5.000;26000;0.192;;;;;;;;;;;;;;;;;;;;;;;;;;;;;;;;;;;;;;;;;;;;;;;;;;;;;;;;;;;;;;;;;;;;;;;;;;;;;;;;;;;;;;
Miroir de Vénus;Legousia speculum veneris;Campanulids;Asterales;Campanulaceae;Graines Baumaux;2288P;campanule miroir de Vénus;5.000;17500.00;0.286;;;;;;;;;;;;;;;;;;;;;;;;;;;;;;;;;;;;;;;;;;;;;;;;;;;;;;;;;;;;;;;;;;;;;;;;;;;;;;;;;;;;;;
Ceraiste;Cerastium tomentosum;Superasterids (archaiques);Caryophyllales;Caryophyllaceae;Graines Baumaux;1208P;;5.000;14000.00;0.357;;;;;;;;;;;;;;;;;;;;;;;;;;;;;;;;;;;;;;;;;;;;;;;;;;;;;;;;;;;;;;;;;;;;;;;;;;;;;;;;;;;;;;
Arabidopsis;Arabidopsis thaliana;Malvids;Brassicales;Brassicaceae;INRAe;Laurent Ogé;Col 0, S0_14_ARAB_0020;5.000;10000.00;0.500;;;;;;;;;;;;;;;;;;;;;;;;;;;;;;;;;;;;;;;;;;;;;;;;;;;;;;;;;;;;;;;;;;;;;;;;;;;;;;;;;;;;;;
Veronique;Veronica persica;Lamids;Lamiales;Boraginaceae;Semences du Puy;;117408;5.000;9000;0.556;;;;;;;;;;;;;;;;;;;;;;;;;;;;;;;;;;;;;;;;;;;;;;;;;;;;;;;;;;;;;;;;;;;;;;;;;;;;;;;;;;;;;;
Chelidoine;Chelidonium majus;Eudicots;Ranunculales;Papaveraceae;Semences du Puy;;CCFF A ;5.000;7500;0.667;;;;;;;;;;;;;;;;;;;;;;;;;;;;;;;;;;;;;;;;;;;;;;;;;;;;;;;;;;;;;;;;;;;;;;;;;;;;;;;;;;;;;;
Pensée sauvage;Viola tricolor;Malvids;Malpighiales;Violaceae;Semences du Puy;;116438;5.000;7500;0.667;;;;;;;;;;;;;;;;;;;;;;;;;;;;;;;;;;;;;;;;;;;;;;;;;;;;;;;;;;;;;;;;;;;;;;;;;;;;;;;;;;;;;;
Balsamine de l'Himalaya >< Walleriana;Impatiens glandulifera >< walleriana;Asterids;Ericales;Balsaminaceae;ducrettet;1623;Impatiens Lollipop F1 coconut, DM052827;3.719;5000;0.744;;;;;;;;;;;;;;;;;;;;;;;;;;;;;;;;;;;;;;;;;;;;;;;;;;;;;;;;;;;;;;;;;;;;;;;;;;;;;;;;;;;;;;
Anagallis de Monelli ;Lysimachia monelli ;Asterids;Ericales;Primulaceae;Les graines de France;;Blue Noon, 20132-7;1.500;1950.00;0.769;;;;;;;;;;;;;;;;;;;;;;;;;;;;;;;;;;;;;;;;;;;;;;;;;;;;;;;;;;;;;;;;;;;;;;;;;;;;;;;;;;;;;;
Lettuce;Lactuca sativa;Campanulids;Asterales;Asteraceae;La Ferme de Sainte Marthe;2060A;Blonde de Paris, 22-10013;5.005;5000;1.001;;;;;;;;;;;;;;;;;;;;;;;;;;;;;;;;;;;;;;;;;;;;;;;;;;;;;;;;;;;;;;;;;;;;;;;;;;;;;;;;;;;;;;
Aneth ;Anethum graveolens;Campanulids;Apiales;Apiaceae;Graines Baumaux;9017;Ella;5.000;4500.00;1.111;;;;;;;;;;;;;;;;;;;;;;;;;;;;;;;;;;;;;;;;;;;;;;;;;;;;;;;;;;;;;;;;;;;;;;;;;;;;;;;;;;;;;;
Dactyle;Dactylis glomerata;Monocot;Poales;Poaceae;Semences du Puy;;116745;500.000;416666;1.200;;;;;;;;;;;;;;;;;;;;;;;;;;;;;;;;;;;;;;;;;;;;;;;;;;;;;;;;;;;;;;;;;;;;;;;;;;;;;;;;;;;;;;
Amaranthe tête d'éléphant;Amarante gangeticus;Superasterids (archaiques);Caryophyllales;Amaranthaceae;Graines Baumaux;22015;Gangeticus Auror;5.000;4000.00;1.250;;;;;;;;;;;;;;;;;;;;;;;;;;;;;;;;;;;;;;;;;;;;;;;;;;;;;;;;;;;;;;;;;;;;;;;;;;;;;;;;;;;;;;
Basilic;Ocimum basilicum;Lamids;Lamiales;Lamiaceae;Graines Baumaux;9034;Petit Marseillais race Calanque;5.000;4000.00;1.250;;;;;;;;;;;;;;;;;;;;;;;;;;;;;;;;;;;;;;;;;;;;;;;;;;;;;;;;;;;;;;;;;;;;;;;;;;;;;;;;;;;;;;
Carrot;Daucus carota;Campanulids;Apiales;Apiaceae;INRAe;Emmanuel Geoffriau;Lignée S1 036T01-1;5.000;3500.00;1.429;;;;;;;;;;;;;;;;;;;;;;;;;;;;;;;;;;;;;;;;;;;;;;;;;;;;;;;;;;;;;;;;;;;;;;;;;;;;;;;;;;;;;;
Carrot sauvage;Daucus carota;Campanulids;Apiales;Apiaceae;INRAe;Emmanuel Geoffriau;ACCFRAP0656, lot 707;5.000;3500.00;1.429;;;;;;;;;;;;;;;;;;;;;;;;;;;;;;;;;;;;;;;;;;;;;;;;;;;;;;;;;;;;;;;;;;;;;;;;;;;;;;;;;;;;;;
Lin bleu;Linum usitatissimum;Malvids;Malpighiales;Linaceae;Graines Baumaux;1504;Sky Blue;5.000;3333.33;1.500;;;;;;;;;;;;;;;;;;;;;;;;;;;;;;;;;;;;;;;;;;;;;;;;;;;;;;;;;;;;;;;;;;;;;;;;;;;;;;;;;;;;;;
Saponaire officinalis;Saponaria officinalis;Superasterids (archaiques);Caryophyllales;Caryophyllaceae;Semences du Puy;;114016;5.000;3000;1.667;;;;;;;;;;;;;;;;;;;;;;;;;;;;;;;;;;;;;;;;;;;;;;;;;;;;;;;;;;;;;;;;;;;;;;;;;;;;;;;;;;;;;;
Pavot de californie;Eschscholzia californica;Eudicots;Ranunculales;Papaveraceae;La Ferme de Sainte Marthe;1889A;22-07011;6.771;4000;1.693;;;;;;;;;;;;;;;;;;;;;;;;;;;;;;;;;;;;;;;;;;;;;;;;;;;;;;;;;;;;;;;;;;;;;;;;;;;;;;;;;;;;;;
Phacélie;Phacelia tanacetifolia;Lamids;Lamiales;Boraginaceae;La Ferme de Sainte Marthe; 2384A;21-03017;50.000;25000;2.000;;;;;;;;;;;;;;;;;;;;;;;;;;;;;;;;;;;;;;;;;;;;;;;;;;;;;;;;;;;;;;;;;;;;;;;;;;;;;;;;;;;;;;
Thé des jardins;Dracocephalum moldavica;Lamids;Lamiales;Lamiaceae;La Ferme de Sainte Marthe;1171A;20-11053;4.132;2000;2.066;;;;;;;;;;;;;;;;;;;;;;;;;;;;;;;;;;;;;;;;;;;;;;;;;;;;;;;;;;;;;;;;;;;;;;;;;;;;;;;;;;;;;;
Stellaire;Stellaria holostea ;Superasterids (archaiques);Caryophyllales;Caryophyllaceae;Semences du Puy;;114266;5.000;2400;2.083;;;;;;;;;;;;;;;;;;;;;;;;;;;;;;;;;;;;;;;;;;;;;;;;;;;;;;;;;;;;;;;;;;;;;;;;;;;;;;;;;;;;;;
Luzerne;Medicago sativa;Fabids;Fabales;Fabaceae;La Ferme de Sainte Marthe;2303A;23-08117;150.000;71428;2.100;;;;;;;;;;;;;;;;;;;;;;;;;;;;;;;;;;;;;;;;;;;;;;;;;;;;;;;;;;;;;;;;;;;;;;;;;;;;;;;;;;;;;;
Aster de Chine/reine marguerite;Callistephus chinensis;Campanulids;Asterales;Asteraceae;Graines Baumaux;3248;Bouquet Blanc;5.000;2166.67;2.308;;;;;;;;;;;;;;;;;;;;;;;;;;;;;;;;;;;;;;;;;;;;;;;;;;;;;;;;;;;;;;;;;;;;;;;;;;;;;;;;;;;;;;
Persil;Petroselinum crispum;Campanulids;Apiales;Apiaceae;Semences du Puy;;113220;5.000;2000;2.500;;;;;;;;;;;;;;;;;;;;;;;;;;;;;;;;;;;;;;;;;;;;;;;;;;;;;;;;;;;;;;;;;;;;;;;;;;;;;;;;;;;;;;
Pied d’alouette;Delphinium ajacis;Eudicots;Ranunculales;Ranunculaceae;Graines Baumaux;31661;Consolida Imperial Pink Queen;5.000;2000.00;2.500;;;;;;;;;;;;;;;;;;;;;;;;;;;;;;;;;;;;;;;;;;;;;;;;;;;;;;;;;;;;;;;;;;;;;;;;;;;;;;;;;;;;;;
Tomato;Solanum lycopersicum;Lamids;Solanales;Solanaceae;INRAe;Jerome Verdier;;5.000;1875.00;2.667;;;;;;;;;;;;;;;;;;;;;;;;;;;;;;;;;;;;;;;;;;;;;;;;;;;;;;;;;;;;;;;;;;;;;;;;;;;;;;;;;;;;;;
Euphorbe réveil matin;Euphorbia helioscopia;Malvids;Malpighiales;Euphorbiaceae;Semences du Puy;;118057;5.000;1800;2.778;;;;;;;;;;;;;;;;;;;;;;;;;;;;;;;;;;;;;;;;;;;;;;;;;;;;;;;;;;;;;;;;;;;;;;;;;;;;;;;;;;;;;;
Cresson alenois;Lepidium sativum;Malvids;Brassicales;Brassicaceae;La Ferme de Sainte Marthe;1180A;115972;5.713;2000;2.857;;;;;;;;;;;;;;;;;;;;;;;;;;;;;;;;;;;;;;;;;;;;;;;;;;;;;;;;;;;;;;;;;;;;;;;;;;;;;;;;;;;;;;
Nigelle;Nigella damascena;Eudicots;Ranunculales;Ranunculaceae;La Ferme de Sainte Marthe;1666A;Nigelle de Damas double variée, 23-11028;8.650;3000;2.883;;;;;;;;;;;;;;;;;;;;;;;;;;;;;;;;;;;;;;;;;;;;;;;;;;;;;;;;;;;;;;;;;;;;;;;;;;;;;;;;;;;;;;
Quinoa;Chenopodium quinoa;Superasterids (archaiques);Caryophyllales;Amaranthaceae;La Ferme de Sainte Marthe;2123A;18-11035;5.232;1800;2.907;;;;;;;;;;;;;;;;;;;;;;;;;;;;;;;;;;;;;;;;;;;;;;;;;;;;;;;;;;;;;;;;;;;;;;;;;;;;;;;;;;;;;;
Fumeterre;Fumaria officinalis;Eudicots;Ranunculales;Papaveraceae;Semences du Puy;;Aguadulce à très longue cosse, 23-12000;5.000;1665;3.003;;;;;;;;;;;;;;;;;;;;;;;;;;;;;;;;;;;;;;;;;;;;;;;;;;;;;;;;;;;;;;;;;;;;;;;;;;;;;;;;;;;;;;
Rapeseed;Brassica napus;Malvids;Brassicales;Brassicaceae;INRAe, pépi;Semences Emersys;Boston, NAVIG_339;5.000;1515.15;3.300;;;;;;;;;;;;;;;;;;;;;;;;;;;;;;;;;;;;;;;;;;;;;;;;;;;;;;;;;;;;;;;;;;;;;;;;;;;;;;;;;;;;;;
Brachypodium;Brachypodium distachyon;Monocot;Poales;Poaceae;INRAe;Richard Sibout;BD21.3;7.324;2092;3.500;;;;;;;;;;;;;;;;;;;;;;;;;;;;;;;;;;;;;;;;;;;;;;;;;;;;;;;;;;;;;;;;;;;;;;;;;;;;;;;;;;;;;;
Sauge annuelle;Salvia splendens;Lamids;Lamiales;Lamiaceae;Graines Baumaux;3394;Sauge Splendens Fire Star;5.000;1400.00;3.571;;;;;;;;;;;;;;;;;;;;;;;;;;;;;;;;;;;;;;;;;;;;;;;;;;;;;;;;;;;;;;;;;;;;;;;;;;;;;;;;;;;;;;
Petunia;Petunia grandiflora;Lamids;Solanales;Solanaceae;Graines Baumaux; 3115P;Grandiflora F1 Successir 360° Bleu Fonce;5.000;200.00;2.500;;;;;;;;;;;;;;;;;;;;;;;;;;;;;;;;;;;;;;;;;;;;;;;;;;;;;;;;;;;;;;;;;;;;;;;;;;;;;;;;;;;;;;
Malope;Malope trifida;Malvids;Malvales;Malvaceae;Biau germe;FMA011;23ON18;5.930;1416.00;4.188;;;;;;;;;;;;;;;;;;;;;;;;;;;;;;;;;;;;;;;;;;;;;;;;;;;;;;;;;;;;;;;;;;;;;;;;;;;;;;;;;;;;;;
Viperine;Echium ;Lamids;Lamiales;Boraginaceae;La Ferme de Sainte Marthe;1955A;21-12007;3.789;900;4.210;;;;;;;;;;;;;;;;;;;;;;;;;;;;;;;;;;;;;;;;;;;;;;;;;;;;;;;;;;;;;;;;;;;;;;;;;;;;;;;;;;;;;;
Anis vert;Pimpinella anisum;Campanulids;Apiales;Apiaceae;La Ferme de Sainte Marthe;1552A;24-01056;10.012;2250;4.450;;;;;;;;;;;;;;;;;;;;;;;;;;;;;;;;;;;;;;;;;;;;;;;;;;;;;;;;;;;;;;;;;;;;;;;;;;;;;;;;;;;;;;
Lysimaque vulgaire;Lysimachia vulgaris;Asterids;Ericales;Primulaceae;Semences du Puy;;113606;5.000;1100;4.545;;;;;;;;;;;;;;;;;;;;;;;;;;;;;;;;;;;;;;;;;;;;;;;;;;;;;;;;;;;;;;;;;;;;;;;;;;;;;;;;;;;;;;
Godetia;Clarkia amoena;Malvids;Myrtales;Onagraceae;La Ferme de Sainte Marthe;2264N;Rembrant, 21-08005;4.695;1000;4.695;;;;;;;;;;;;;;;;;;;;;;;;;;;;;;;;;;;;;;;;;;;;;;;;;;;;;;;;;;;;;;;;;;;;;;;;;;;;;;;;;;;;;;
Geranium à feuille découpée;Geranium dissectum;Malvids;Geraniales;Geraniaceae;Semences du Puy;;113628;5.000;1000;5.000;;;;;;;;;;;;;;;;;;;;;;;;;;;;;;;;;;;;;;;;;;;;;;;;;;;;;;;;;;;;;;;;;;;;;;;;;;;;;;;;;;;;;;
Onagre;Oenothera biennis;Malvids;Myrtales;Onagraceae;Graines Baumaux;5697;Jambon du jardinier;5.000;1000.00;5.000;;;;;;;;;;;;;;;;;;;;;;;;;;;;;;;;;;;;;;;;;;;;;;;;;;;;;;;;;;;;;;;;;;;;;;;;;;;;;;;;;;;;;;
Bell pepper;Capsicum annuum ;Lamids;Solanales;Solanaceae;Graines Baumaux;6632;Bojanka;5.000;750.00;6.667;;;;;;;;;;;;;;;;;;;;;;;;;;;;;;;;;;;;;;;;;;;;;;;;;;;;;;;;;;;;;;;;;;;;;;;;;;;;;;;;;;;;;;
Luzerne tronquée;Medicago truncatula;Fabids;Fabales;Fabaceae;INRAe;Béatrice Teulat, IRHS;L000555;12.716;1870.00;6.800;;;;;;;;;;;;;;;;;;;;;;;;;;;;;;;;;;;;;;;;;;;;;;;;;;;;;;;;;;;;;;;;;;;;;;;;;;;;;;;;;;;;;;
Moutarde;Sinapis alba;Malvids;Brassicales;Brassicaceae;Semences du Puy;;118205;500.000;71428;7.000;;;;;;;;;;;;;;;;;;;;;;;;;;;;;;;;;;;;;;;;;;;;;;;;;;;;;;;;;;;;;;;;;;;;;;;;;;;;;;;;;;;;;;
Lavatère;Lavatera trimestris;Malvids;Malvales;Malvaceae;La Ferme de Sainte Marthe;1896A;22-03020;7.317;1000;7.317;;;;;;;;;;;;;;;;;;;;;;;;;;;;;;;;;;;;;;;;;;;;;;;;;;;;;;;;;;;;;;;;;;;;;;;;;;;;;;;;;;;;;;
Souci;Calendula officinalis;Campanulids;Asterales;Asteraceae;Semences du Puy;;115143;5.000;625;8.000;;;;;;;;;;;;;;;;;;;;;;;;;;;;;;;;;;;;;;;;;;;;;;;;;;;;;;;;;;;;;;;;;;;;;;;;;;;;;;;;;;;;;;
Mauve de mauritanie ;Malva sylvestris ssp mauritiana;Malvids;Malvales;Malvaceae;La Ferme de Sainte Marthe;1835A;22-01036;8.593;1000;8.593;;;;;;;;;;;;;;;;;;;;;;;;;;;;;;;;;;;;;;;;;;;;;;;;;;;;;;;;;;;;;;;;;;;;;;;;;;;;;;;;;;;;;;
Balsamine des jardins;Impatiens balsamina;Asterids;Ericales;Balsaminaceae;Semences du Puy;;112870;5.000;500;10.000;;;;;;;;;;;;;;;;;;;;;;;;;;;;;;;;;;;;;;;;;;;;;;;;;;;;;;;;;;;;;;;;;;;;;;;;;;;;;;;;;;;;;;
Belle de jour;Convolvulus tricolor;Lamids;Solanales;Convolvulaceae;Graines Baumaux;2269P;Rose Enseign;10.000;1000.00;10.000;;;;;;;;;;;;;;;;;;;;;;;;;;;;;;;;;;;;;;;;;;;;;;;;;;;;;;;;;;;;;;;;;;;;;;;;;;;;;;;;;;;;;;
Coriandre;Coriandrum sativum;Campanulids;Apiales;Apiaceae;Semences du Puy;;PAPRH_1780;5.000;500;10.000;;;;;;;;;;;;;;;;;;;;;;;;;;;;;;;;;;;;;;;;;;;;;;;;;;;;;;;;;;;;;;;;;;;;;;;;;;;;;;;;;;;;;;
Radish;Raphanus sativus;Malvids;Brassicales;Brassicaceae;INRAe, Vilmorin;Semences Emersys;Flamboyant 5, L04624;5.000;500.00;10.000;;;;;;;;;;;;;;;;;;;;;;;;;;;;;;;;;;;;;;;;;;;;;;;;;;;;;;;;;;;;;;;;;;;;;;;;;;;;;;;;;;;;;;
Epinard;Spinacia oleracea;Superasterids (archaiques);Caryophyllales;Amaranthaceae;La Ferme de Sainte Marthe;1426AA;Géant d'hiver, 23-08088;6.877;500;13.754;;;;;;;;;;;;;;;;;;;;;;;;;;;;;;;;;;;;;;;;;;;;;;;;;;;;;;;;;;;;;;;;;;;;;;;;;;;;;;;;;;;;;;
Bec de grue ;Erodium cicutarium;Malvids;Geraniales;Geraniaceae;Semences du Puy;;115214;5.000;250;20.000;;;;;;;;;;;;;;;;;;;;;;;;;;;;;;;;;;;;;;;;;;;;;;;;;;;;;;;;;;;;;;;;;;;;;;;;;;;;;;;;;;;;;;
Gourde mini calebasse;Lagenaria siceraria;Fabids;Cucurbitales;Cucurbitaceae;Graines Baumaux;88541P;Calebasse mini bouteille;10.000;500.00;20.000;;;;;;;;;;;;;;;;;;;;;;;;;;;;;;;;;;;;;;;;;;;;;;;;;;;;;;;;;;;;;;;;;;;;;;;;;;;;;;;;;;;;;;
Sarrasin;Fagopyrum esculentum;Superasterids (archaiques);Caryophyllales;Polygonaceae;La Ferme de Sainte Marthe;2317A;21-04035;150.000;7500;20.000;;;;;;;;;;;;;;;;;;;;;;;;;;;;;;;;;;;;;;;;;;;;;;;;;;;;;;;;;;;;;;;;;;;;;;;;;;;;;;;;;;;;;;
Bourrache Officiniale;Borago officinalis;Lamids;Lamiales;Boraginaceae;La Ferme de Sainte Marthe;1270A;22-03087;9.344;450;20.764;;;;;;;;;;;;;;;;;;;;;;;;;;;;;;;;;;;;;;;;;;;;;;;;;;;;;;;;;;;;;;;;;;;;;;;;;;;;;;;;;;;;;;
Sorgho;Sorghum bicolor;Monocot;Poales;Poaceae;La Ferme de Sainte Marthe;2446N;Millet Noir, 21-09001;150.000;6521;23.000;;;;;;;;;;;;;;;;;;;;;;;;;;;;;;;;;;;;;;;;;;;;;;;;;;;;;;;;;;;;;;;;;;;;;;;;;;;;;;;;;;;;;;
Ipomée;Ipomoea purpurea;Lamids;Solanales;Convolvulaceae;La Ferme de Sainte Marthe;1665A;22-07062;9.532;375;25.419;;;;;;;;;;;;;;;;;;;;;;;;;;;;;;;;;;;;;;;;;;;;;;;;;;;;;;;;;;;;;;;;;;;;;;;;;;;;;;;;;;;;;;
Concombre;Cucumis sativus;Fabids;Cucurbitales;Cucurbitaceae;Graines Baumaux;8425P;F1 Bush Champion;5.000;175.00;28.571;;;;;;;;;;;;;;;;;;;;;;;;;;;;;;;;;;;;;;;;;;;;;;;;;;;;;;;;;;;;;;;;;;;;;;;;;;;;;;;;;;;;;;
liseron des haies;Calystegia sepium;Lamids;Solanales;Convolvulaceae;INRAe;Bruno Chauvel (Dijon);CAGSE_1945;5.000;170.00;29.412;;;;;;;;;;;;;;;;;;;;;;;;;;;;;;;;;;;;;;;;;;;;;;;;;;;;;;;;;;;;;;;;;;;;;;;;;;;;;;;;;;;;;;
Melon;Cucumis melo;Fabids;Cucurbitales;Cucurbitaceae;Graines Baumaux;8686;Ogen;5.000;150.00;33.333;;;;;;;;;;;;;;;;;;;;;;;;;;;;;;;;;;;;;;;;;;;;;;;;;;;;;;;;;;;;;;;;;;;;;;;;;;;;;;;;;;;;;;
Tournesol;Helianthus annuus;Campanulids;Asterales;Asteraceae;Semences du Puy;;118323;5.000;120;41.667;;;;;;;;;;;;;;;;;;;;;;;;;;;;;;;;;;;;;;;;;;;;;;;;;;;;;;;;;;;;;;;;;;;;;;;;;;;;;;;;;;;;;;
Maize;Zea mays;Monocot;Poales;Poaceae;La Ferme de Sainte Marthe;1070A;Tom Pouce, 23-01068;9.103;100;91.030;;;;;;;;;;;;;;;;;;;;;;;;;;;;;;;;;;;;;;;;;;;;;;;;;;;;;;;;;;;;;;;;;;;;;;;;;;;;;;;;;;;;;;
Zucchini;Cucurbita pepo;Fabids;Cucurbitales;Cucurbitaceae;Graines Baumaux;8610;Courge Muscade De Provence;5.000;35.00;142.857;;;;;;;;;;;;;;;;;;;;;;;;;;;;;;;;;;;;;;;;;;;;;;;;;;;;;;;;;;;;;;;;;;;;;;;;;;;;;;;;;;;;;;
Soybean;Glycine max;Fabids;Fabales;Fabaceae;Graines Baumaux;73352;Soja potager ou Edamame Green Shell;100.000;691.09;144.700;;;;;;;;;;;;;;;;;;;;;;;;;;;;;;;;;;;;;;;;;;;;;;;;;;;;;;;;;;;;;;;;;;;;;;;;;;;;;;;;;;;;;;
Capucine naine;Tropaeolum majus;Malvids;Geraniales;Tropaeolaceae;La Ferme de Sainte Marthe;2397A;Impératrice des Indes, 22-03080;18.071;120;150.592;;;;;;;;;;;;;;;;;;;;;;;;;;;;;;;;;;;;;;;;;;;;;;;;;;;;;;;;;;;;;;;;;;;;;;;;;;;;;;;;;;;;;;
Bean;Phaseolus vulgaris;Fabids;Fabales;Fabaceae;INRAe, Vilmorin;Semences Emersys;Flavert, N08812;5.000;27.78;180.000;;;;;;;;;;;;;;;;;;;;;;;;;;;;;;;;;;;;;;;;;;;;;;;;;;;;;;;;;;;;;;;;;;;;;;;;;;;;;;;;;;;;;;
Pastèque;Citrullus lanatus;Fabids;Cucurbitales;Cucurbitaceae;La Ferme de Sainte Marthe;Gillian;;5.000;33.00;181.818;;;;;;;;;;;;;;;;;;;;;;;;;;;;;;;;;;;;;;;;;;;;;;;;;;;;;;;;;;;;;;;;;;;;;;;;;;;;;;;;;;;;;;
Feve;Vicia faba;Fabids;Fabales;Fabaceae;La Ferme de Sainte Marthe; 2327A;117119;80.000;80;1000.000;;;;;;;;;;;;;;;;;;;;;;;;;;;;;;;;;;;;;;;;;;;;;;;;;;;;;;;;;;;;;;;;;;;;;;;;;;;;;;;;;;;;;;
Raygrass anglais;Lolium perenne;Monocot;Poales;Poaceae;Biograin;;RGA Ensilvio, 42103567140;10000.000;6666666.67;1,5-2;;;;;;;;;;;;;;;;;;;;;;;;;;;;;;;;;;;;;;;;;;;;;;;;;;;;;;;;;;;;;;;;;;;;;;;;;;;;;;;;;;;;;;
Pea;Pisum sativum;Fabids;Fabales;Fabaceae;Graines Baumaux;6885;1/2 Nain le Panier;5.000;572 à 1334;150 à 350;;;;;;;;;;;;;;;;;;;;;;;;;;;;;;;;;;;;;;;;;;;;;;;;;;;;;;;;;;;;;;;;;;;;;;;;;;;;;;;;;;;;;;
Wheat;Triticum aestivum;Monocot;Poales;Poaceae;Biograin;;TOGANO, 4039088;25000.000;625000;40 à 50;;;;;;;;;;;;;;;;;;;;;;;;;;;;;;;;;;;;;;;;;;;;;;;;;;;;;;;;;;;;;;;;;;;;;;;;;;;;;;;;;;;;;;
Renouée des oiseaux;Polygonum aviculare;Superasterids (archaiques);Caryophyllales;Polygonaceae;Semences du Puy;; ;5.000;2600;1.920;;;;;;;;;;;;;;;;;;;;;;;;;;;;;;;;;;;;;;;;;;;;;;;;;;;;;;;;;;;;;;;;;;;;;;;;;;;;;;;;;;;;;;
Bouton d'or;Ranunculus acris ;Eudicots;Ranunculales;Ranunculaceae;Semences du Puy;;;5.000;2100;2.380
